address,choice.1,choice.21,choice.31,choice.39,choice.41,balance,timestamp,dateUtc,authorIpfsHash,choice.3,choice.7,choice.11,choice.19,choice.27,choice.35,choice.5,choice.17,choice.25,choice.9,choice.13,choice.15,choice.23,choice.29,choice.33,choice.37,choice.4,choice.14,choice.16,choice.24,choice.28,choice.30,choice.34,choice.38,choice.2,choice.10,choice.18,choice.20,choice.32,choice.36,choice.40,choice.42,choice.6
0x0cEC1Dbc5Db276dE35808bf717a4491082fDb8d8,1,1,1,1,1,1029.8350620382803,1636078730,"Fri, 05 Nov 2021 02:18:50 GMT",0x6c47718fc8a96f293cfe6b42be6cb5e8edee377e093b3edf18f58858bfb0f6d3
0xbbd33AFa85539fa65cc08A2e61a001876D2f13FE,,2,,,2,30914.694752207288,1636083432,"Fri, 05 Nov 2021 03:37:12 GMT",0x104d72d52759cf6b275a1e6de1583b89724455ba926878022d298df8706091c8,1,2,2,2,1,2
0x655eFe6Eb2021b8CEfE22794d90293aeC37bb325,2,1,2,2,10,191594.66261540016,1636091509,"Fri, 05 Nov 2021 05:51:49 GMT",0x55ba23ff752c0cb642f8a29ce8a46b330aba137e0492ef71291033aaef856136,1,1,2,1,1,1,1,1,1
0x30A50782c586e21B7cd54727E0927ed89d1d977D,,,,,100,4165.813612056733,1636097256,"Fri, 05 Nov 2021 07:27:36 GMT",0x137f44652057cc962a21b2c1041a77e2283b80f0a603913ba41e2817a846fd40,,,,,,,,,
0x54cbDab6a0D6694d6cf810c1e9eb5f9482412E1D,,,,,,13887.453278110559,1636099220,"Fri, 05 Nov 2021 08:00:20 GMT",0xfb46a31fadb7f174be6feacff1d61b4eeca5d2102d05fa6d9d597c260ceb524f,,1,,1,,,,,
0x95a1177D95bC895F8f59e89670ED4ADd9774d1F8,1,,,,,68,1636100523,"Fri, 05 Nov 2021 08:22:03 GMT",0x32dcc88e60280dc37d98d9023433b3802421e977587b185873c1dee5021e2f76,,,,,,,,,
0x36b3E003ba29095ca35Bd2482db6471aE125bE21,,,,,,120268.21523951,1636104731,"Fri, 05 Nov 2021 09:32:11 GMT",QmU6pw5pntjohXqjiPsUQVoifLNdBz7563mM1YoCTfacCv,,1,,,,,,,
0x3953785f68D01996969e6B25E574bFA50F915121,1,1,1,5,5,22846.65,1636107025,"Fri, 05 Nov 2021 10:10:25 GMT",0x5233f9f53a979ab3711a3a2ebb853c853ca80978293bd693a98cefc22e3d10f6,1,5,5,5,1,5,1,5,5,5,1,1,1,1,1,1
0xB1A549920b38b2F7C80443b49B5A75DB3A4Cd5F5,27,,27,27,700,780.6394283808627,1636108153,"Fri, 05 Nov 2021 10:29:13 GMT",0xec17d66317a8d30b8e3d30026701ae92185bb5d30013ec52fd052e48d2eac51c,,,,,,,,,,,,,,,,
0x3baC253c6Fb3F04b452C163cff726abdA54958bD,1,,,,,374,1636108508,"Fri, 05 Nov 2021 10:35:08 GMT",0x97eb4478d45c80f755c37193d10927295a378bcc49a113ba1ef275d816d4fdfa,1,,,,,,,,,1,,,,,,
0x855374849c0b65471882fb638240fe5FcAc556bc,,,,1,3,61087.70159808,1636109328,"Fri, 05 Nov 2021 10:48:48 GMT",0x031da860210bf47ed50a9be7fb00ef05b2581cd6ada53869423f46b6929cbecc,1,3,1,1,1,,,1,,,,,,,,1
0x2BfD69485D34d4984162aDa88f267F179F549f89,1,1,3,1,4,47028.47,1636109884,"Fri, 05 Nov 2021 10:58:04 GMT",0xc459bc37493c0b40e012c46ec807972be3b4fcfe930f7a9b7a1f4575a7b835ff,1,2,3,3,1,1,1,2,3,2,3,1,3,1,3,1
0x0EAEe7557fB9f7BCEc342BAffD628A6bd2CD3bC7,,,,,,2023.5753835039623,1636112888,"Fri, 05 Nov 2021 11:48:08 GMT",0x6a0efb101c3bcd9aa5d115e6e321260ddf28eca5b599fd1c629447b44e37664c,,,,,,1,,1,,,,,,,,
0x42a19cd756651A488f1899157c45Af929bf3695F,1,,,1,1,32000,1636113691,"Fri, 05 Nov 2021 12:01:31 GMT",0x6299f340cef3bfb3afab90b37d21912d38752e298f0ad6c5a61d66199bd43668,,1,,2,,1,105,,,,,,,,,,1,3,1,1,3,2,5,3
0x50DF9271ea9e57220Fd326E899a8f8b78bCb3424,1,,,1,,500,1636113897,"Fri, 05 Nov 2021 12:04:57 GMT",0xce4442572383e74491001471b71eb67310b1242d1d88a1fe53c666cc9d6ea775,,,,1,,,28,,,,,,,,,,,,,,1,,2,1
0x9EfB7616da129a998C82EBefac9DB467dD841F03,,1,,1,2,19490.64585074,1636115841,"Fri, 05 Nov 2021 12:37:21 GMT",0xbe8a1b26cd8b3f840844a0b468681396aa6784cfa0d45fb2bd7bd422d5eeafa3,,3,1,3,,1,3,1,,,1,,,1,1,,,,,,,,,
0x48E13Ab513A0d26f921707ad4F38989e2C587f25,1,,,,,16859.64420630536,1636116210,"Fri, 05 Nov 2021 12:43:30 GMT",0x1ac56f6df7e021c725835c6341d5907c57724e4c43a4a27fb5f6d49dafa4fb95,,1,,2,,1,120,1,1,,,,,,,,2,5,2,1,5,,10,10
0x006D0f31A00E1f9c017Ab039E9d0BA699433A28c,,,,,,62091.02101817905,1636118412,"Fri, 05 Nov 2021 13:20:12 GMT",0xc334bc8ced98f6396eb7b969b67c5789c12ebf91d323d596b9ea85cbd6ec9f0b,,1,,,,,,,,,,,,,,,,,,,,,,
0x21e06646433954AaBaCE8E3d93d502e423249299,,,,,,4000,1636122529,"Fri, 05 Nov 2021 14:28:49 GMT",0x5aa53d78dab2e23677374e7a40c36d5698f56de481dccb0e825ede7838a1ba9e,,,,,,,,,,5000,,,,,,,,,,,,,,
0x01d5595949fdbE521fbC39EaF09192dfFB3bFc17,,,,,,28576.286,1636126203,"Fri, 05 Nov 2021 15:30:03 GMT",QmY9bpAcvfmxuc3WmBpRLd9sgRn71VCVq7JB31qpnMLwhc,,,,,100,,,,,,,,,,,,,,,,,,,
0xf88bD9c3F81f7148E4076bBB8b2e2B0951A8cE38,,,,,,43963.40279271219,1636126877,"Fri, 05 Nov 2021 15:41:17 GMT",QmcqytXQsJyrUtjwVGE9vryxUETHZbPGR1WJXH8NrWy3ZK,,,,,100,,,,,,,,,,,,,,,,,,,
0x61B15998893cC746B46C08FEdEE13a0d1b33bBa9,,,,,,70962.53018762148,1636126948,"Fri, 05 Nov 2021 15:42:28 GMT",QmXUt5XfigjAbYRDF76QDRtsgDJTBrdan4vkcXGLdg4wXm,,,,,100,,,,,,,,,,,,,,,,,,,
0x03886228BB749eEBA43426D2D6B70eba472F4876,,,,,,305.1292943146018,1636143170,"Fri, 05 Nov 2021 20:12:50 GMT",0xddbd5c64cd389f414adee39662498e54332d7a563e7b0321b9721ec3bca21e0f,,100,,,,,,,,,,,,,,,,,,,,,,
0x7f8c1877Ed0DA352F78be4Fe4CdA58BB804a30dF,1,1,,,1,782.0168625606365,1636149881,"Fri, 05 Nov 2021 22:04:41 GMT",0x3e827f9182c9bbf99695e98f2b6d7245648653d28976b6eaa4743c61eebc9570,,1,1,1,1,,,1,,1,,,1,,,,,,,,,,,
0x975CC4Ef1Ae67e1eDecadB7072a93faeD5552Fa1,,,,,100,38.49,1636150463,"Fri, 05 Nov 2021 22:14:23 GMT",0x1c93e1a2e4589045103f503768507697191d33921019de4abf8a71924fe88e3e,,,,,,,,,,,,,,,,,,,,,,,,
0x5701068cA0bA0338a5B64e8F59d5ae661e9eCfc0,,4,,,,1411,1636150581,"Fri, 05 Nov 2021 22:16:21 GMT",0x7dd0e0781d72f3c4ebd0a6f2fd8df3167caf87c1c0246e0920f94e20a052228c,10,1,8,,,,2,,6,,,8,,,,8,,,,4,3,3,,,1,1,3,2,3,3,2,2
0x01e66950353400E93AEe7F041C0303103E2ef5Ab,,,3,1,,22552.299169260405,1636155010,"Fri, 05 Nov 2021 23:30:10 GMT",0x8f54c4479d161f71e6c4c006bcc4c0bc845882e16754ac9933b67b3c35421aa5,1,,,2,5,3,,,1,,,,,,,,,,,,,,,,,,,,,,,
0x362CfE20851584DF00a670b2c8460A3aafD35839,,,,,,32493,1636155502,"Fri, 05 Nov 2021 23:38:22 GMT",QmQFhkxU4oKGHQJQrCmZRL6ChyPfWf3Sffe69rLZYoqx5Z,,,,2,5,1,,,,,,,,,,,,,,,,,,,,,,,,,,
0xF412192151b6c94981252cb6eFFF3Bc02aC90cAf,,,,,,362.5,1636156094,"Fri, 05 Nov 2021 23:48:14 GMT",0xb352617bc7ea6dc8a9d0546a96ed8e170aaea6ccde205efd7fe2f490541795b1,,,,,,,362,,,,,,,,,,,,,,,,,,,,,,,,,
0x8246137C39BB05261972655186A868bdC8a9Eb11,360,10,,,80,523.99889,1636166530,"Sat, 06 Nov 2021 02:42:10 GMT",0x514a13f0d61511d612bb6da3c9025f05c28c228e8170a65fb14515490657c3ed,,,,54,,,,,,,,,,,,,,10,,,,,,,,,10,,,,,
0x3386Fa09690dd22482d546aa91a07d0b9CC526Fd,,,,,,415.55,1636172838,"Sat, 06 Nov 2021 04:27:18 GMT",0x184a8e4f1038c08db2a22a9601f425a13815de15fbeb20671c19918ef9108c67,,21,,,,,,,,,,,,,,,,,,,,,,,,,,,,,,
0x227FD2fD881Cc6c99DFCcc0FB40f2B1dc2f3F36E,,,,,,3793.3385963788533,1636177093,"Sat, 06 Nov 2021 05:38:13 GMT",0xf24f8ac056c5ecf26ca12c47930fef317dea3df716bff062b0dcf9fec5a07a53,,,,,,,1,,,,,,,,,,,,,,,,,,,,,,,,,
0x48b576c87e788a762D6f95A456f2A39113b46950,1,,,,,19.070213009736733,1636181525,"Sat, 06 Nov 2021 06:52:05 GMT",0x1da83bff81ab354c96d4282b3e3842d883e5a97609302c57a9f5ed29b0dfcc2e,,,,,,,,,,,,,,,,,,,,,,,,,,,,,,,,
0xff5d8b7060dF9ff3119faC61534526232BB4554F,1,,,,,1657,1636183694,"Sat, 06 Nov 2021 07:28:14 GMT",0x19b3b5700af4db8dac2f97c66def02e993fd6d1734370983947b6ecd5288edb3,,1,,1,,,,,,1,,,,,,,,,,,,,,,,,,,,,,
0xF636DeB0854a84b23eb3fDd4A2DC65cB9326B7AF,1,,,,,845.81176,1636183820,"Sat, 06 Nov 2021 07:30:20 GMT",0x6d5e3d9f35e4363fa8a33d83b8d6b06017d643b0821734d14bfb6a6f4be2095f,,1,,1,,,,,,1,,,,,,,,,,,,,,,,,,,,,,
0x528a9F69C8667B4Cb9C7960513368BA50FEcbEb8,,,,,,362.5,1636184339,"Sat, 06 Nov 2021 07:38:59 GMT",0xc99eab8ebf325ea571f201f8762039e59afa06032c245bf25860f13642e1bd4e,,,,,,,1,,,,,,,,,,,,,,,,,,,,,,,,,
0xE2A4DEd1eB0Bfa8027F1A2eD7E09D72843d6D35a,,,,,,550,1636184910,"Sat, 06 Nov 2021 07:48:30 GMT",0x3bea9a2683e28b829084ef203f47d2d23dcc163629e880b78873244acf972cee,,,,,,550,,,,,,,,,,,,,,,,,,,,,,,,,,
0x67B69C822553FE57d8B7E354af4f540c4e8963c9,,1,,,15,26365.77006754,1636196962,"Sat, 06 Nov 2021 11:09:22 GMT",0x73f1795a97ffaad43ccb565be46bf9f37065812e14c7101dd02e91e19d56123e,2,10,2,3,4,,2,5,,,,,,,,,,,,,,,,,,,,,,,,
0x61Ae4E8691335569776eEAd72D16f4f002E64a56,,,,,1e+41,1719.6821537388355,1636215379,"Sat, 06 Nov 2021 16:16:19 GMT",0x25ee6a6fce571399f44980d672b6a03dcbc57445a842c8db72e67df93d9d7fbe,,,,,,,,,,,,,,,,,,,,,,,,,,,,,,,,
0xF49A4ba03f69eEf2366303e64Fc7b3a33d3f0043,,1000,,1250,1000,5753.255448130408,1636215815,"Sat, 06 Nov 2021 16:23:35 GMT",0x60b31b87f06c663f5347084c303104ab3cc3d598db141eee26eb35815205ccdc,,750,,750,,,,,,,,,,,,,,,,,,,,,,,,,,,,
0xd11Ddb32f4e6BF3370411BE6AfceAedE551a4E3d,,,,,,58000.688763542574,1636224567,"Sat, 06 Nov 2021 18:49:27 GMT",QmNkssgdnPwGzi3e1376in5rPuvMhNBkGDmVEHau4iNCTc,,,,,,1,,,,,,,,,,,,,,,,,,,,,,,,,,
0xbdD5d655ad781FB9929BFe515EB4A50090444C21,,,,,,651839.1592998849,1636272113,"Sun, 07 Nov 2021 08:01:53 GMT",0x8b703e1cf1aca67296d3b3e5557e954ca748ad5796c4f586678760981276b7a3,1,2,1,,,,,1,,,,,,,,,,,,,,1,1,,,4,,,1,,,,2
0x86307df93c38C9A8C5E7E7bd40734Ab522e393Fb,,500,,,,8793.67483,1636275080,"Sun, 07 Nov 2021 08:51:20 GMT",0xcbdc21502a8bf06611dffc1496ab5a8fc3b0aaf1c2ac118cbf89146832c06bbd,,500,,500,,6793,500,,,,,,,,,,,,,,,,,,,,,,,,,,
0xb1B1dba36512C4943F2D517D2EdC256875404C5d,,,1,1,1,71093.77263943224,1636278131,"Sun, 07 Nov 2021 09:42:11 GMT",0xd50315f35ada50398935adbecf7a7fc4d1a25b0baca2447d59a40a69677d81b0,,1,,,,1,,,,1,1,,,1,,,,,,,,,,,,,,,,,,,
0x1a7EeDEadC8E38FADfF8719F22d9Ca54EDa406A0,,,1,1,1,12572.77029730455,1636278223,"Sun, 07 Nov 2021 09:43:43 GMT",0xe4366639d2ea8d5eb174f4e0e2cabcb81ca8fe6b4abe7d99035e06ba34788b59,,1,,,,1,,,,1,1,,,1,,,,,,,,,,,,,,,,,,,
0x5b0ED743a0BD6C3b3BdB2C7970642f956f71fC91,,,,,1,6507.5,1636289154,"Sun, 07 Nov 2021 12:45:54 GMT",0x7fc755297f98c7d7a62f7019025759f5ad8edcc6817dc2e3502f9681bc778ded,,,,,,,,,,1,,,,,,1,,,,,,,,,,,,,,,,,
0x70a4CD2A88C7FC283f944EbD5ec4B37185288bc8,,,,,,667.0470463949468,1636297950,"Sun, 07 Nov 2021 15:12:30 GMT",0xe81eb9af757c72b945ea6c9ccf8d86c12c524e75d3d172ba3168085355302c52,,,1,,,,,,,,,,,,,,,,,,,,,,,,,,,,,,
0xde3937897dbEB84462f2c573fd1f238a2510b09a,,1,,,,20085.142389170345,1636298128,"Sun, 07 Nov 2021 15:15:28 GMT",0xdb1c83b262410937d6f0a50580b889f8775a04916388b5d5c764ea3bf1e574f5,,,1,,,,,1,,,,,,,,,,,,,,,,,,,,,,,,,
0x105DfEd176B4c5Ba488Ee5F4362638Ab0216b8c4,,,,,,91369.75768550107,1636305860,"Sun, 07 Nov 2021 17:24:20 GMT",0x0551a2a3b7b19ae55d5a1da8fedbe23087ce843aa5ee3ba1625dfaf94f28466a,,6,,2,,,,,,,,,,,,,,,,,,,2,,,,,,,,,,
0x0225DD447C812cdEb436352eb44f3ad03B2a4288,,6,,,,22811.92132,1636306043,"Sun, 07 Nov 2021 17:27:23 GMT",0x4809a7ac04513e564b3820750bead463a1785711fcce600a8222ad211686017c,,6,3,,,,,,,,,,,,,,,,,,,,,,,,,,,,,,
0x807773b90215344c5cfF4137c037613e568C1b0b,,,,,,714,1636307676,"Sun, 07 Nov 2021 17:54:36 GMT",QmRXRfxc7Cgw96ppdkrLbqMo9yHtno2wFEWrwfwb5Z8FLL,,1,,,,,,,,,,,,,,,,,,,,,,,,,,,,,,,
0x5c15608eFb12Ee43e4D8367247BED42dD884b5f7,,1,,,,15107,1636321211,"Sun, 07 Nov 2021 21:40:11 GMT",0x7aed5af4348292181ceb4013dfd7cf96f92146008b056a53bfbe3478dcb1d6f9,,,1,1,,,,3,,,,,,,,,,,,,,,,,,,,,,,,,
0x53fdb2e2aD98a318043a447b6768Be7f4070DDd5,,,,,,8157,1636321270,"Sun, 07 Nov 2021 21:41:10 GMT",0x58963138451d98213f183e5b25477ae902516aaadfefd94475da302649400fcb,,,,,,,,1,,,,,,,,,,,,,,,,,,,,,,,,,
0xFe6adE773ed111BF9932f0e3a6722d52cbFe16e4,,,,,,500,1636321306,"Sun, 07 Nov 2021 21:41:46 GMT",0x8ea3efb2ef502cd26b9eb3128f7b53fa01ef4e19a6989a063c52a1477dc5a210,,,,,,,,1,,,,,,,,,,,,,,,,,,,,,,,,,
0xa911ccf5F6C7BD5fb25188D41A536890c3c8fAE5,,,,,,4642,1636324679,"Sun, 07 Nov 2021 22:37:59 GMT",0xde5b8f480ae8c6f8c47a880dc7e213d2aea0bb24df7482251f30fc31091f717d,1,,,,,,,,,,,,,,,,,,,,,,,,,,,,,,,,
0x0afB51f268532aBDc517A6c206036acE2d60c0Fc,,,,,4,920.1071086287365,1636355359,"Mon, 08 Nov 2021 07:09:19 GMT",0x88ab8e02ba482bbd65093808f405b290fdc7001da035ac5f9c3b59f2b30329b5,,2,,,,4,,,,,,,,,,,,,,,,,,,,,,,,,,,
0x0aD5D1F88a6c27f1eA4e3f45bE0F4751baFc26C5,,,,,4,1041.5112959523733,1636355438,"Mon, 08 Nov 2021 07:10:38 GMT",0x8340be5bd0d0e26803f58577282a4aef947271e01c0f840771239501c90dc00b,,,,,,4,,,,,,,,,,,,,,,,,,,,,,,,,,,
0x6C7176A1760E9bE544d1b2442dc50B3dAe0D9bD9,,,,1,,16744.47157009,1636359997,"Mon, 08 Nov 2021 08:26:37 GMT",0x5c9c3361bac44c08888ccab90b8973fae0211329cf50b0b3af99d8e609edce71,,,,,,,,,,,,,,,,,,,,,,,,,,,,,,,,,
0xD1Ef7F6d57F42e7e38B38E2951FA5fb45B6c2fA0,,,,,,800,1636371951,"Mon, 08 Nov 2021 11:45:51 GMT",0x2837215823fe863f36d1e200f055f9d22804d6128831cb0508c7a777704d9551,,,,,,,,,,,,,1,,,,,,,,,,,,,,,,,,,,
0x6131C5bBe0FA34Dc0F96E931BcA3E611A5199EEF,,,,,100,66129.23644152549,1636372715,"Mon, 08 Nov 2021 11:58:35 GMT",0x2540d6eb2854b0983ff9591a9ed3f672c193afce23959d6a76f127a9be5c298b,,,,,,,,,1,,,,,,,,,,,,,,,,,,,,,,,,
0x53CB14af00560E779baCa9A662F6213dC573B906,,,,1,1,21000,1636375883,"Mon, 08 Nov 2021 12:51:23 GMT",0xe6a5836025afe4e23e335c91a201ddd05af637e547ee7cbfa125e512ab408351,,,,,,,,,,,,,,,,,,,,,,,,,,,,,,,,,
0x52A61b73cdDbac7aACeD80257A23928d48c4054C,1,1,1,1,1,37000,1636377621,"Mon, 08 Nov 2021 13:20:21 GMT",0x0130d4f2e8679de0630ade94026e6d1b5370144b060e5c04a7bcb257b55405b8,1,1,1,1,1,1,1,1,1,1,1,1,1,1,1,1,,,,,,,,,,,,,,,,,
0x0025cCEe82c5B3106aE5245813b2Ed64e75dF511,,100,,,,187551.9492,1636382141,"Mon, 08 Nov 2021 14:35:41 GMT",0x3c4810b4f473d0939d81e5c83e5bb161410d4e162e34ee0aa9e69ec238b1153c,,,,,,,,,,,,,,,,,,,,,,,,,,,,,,,,,
0x6576dcd9F751C99adb07411B22dDda0be7FfE420,,,,,10000,2277.36,1636386320,"Mon, 08 Nov 2021 15:45:20 GMT",0x66c52bcd97c57262cbc7d8a373e934d68b43b882db48d1f94dd436dd6025029d,,,,,,,,,,,,,,,,,,,,,,,,,,,,,,,,,
0x5D2B315C465e133a346C960F46f5AA1ED88a3179,,2,,,,53757.98478578111,1636388956,"Mon, 08 Nov 2021 16:29:16 GMT",0x28abfec11764930da20b5b497a4a59954ea1bbed83b3eca640684d231eb3b41f,,2,2,,,2,,,,,,,,,,,,,,,,,,,,,,,,,,,
0xf8388c804061d08b757BAef8d9bB5f9eF8BA90D1,,,,,,1967.9584413708503,1636389101,"Mon, 08 Nov 2021 16:31:41 GMT",QmdVDtvvohXhHMyN6VRZbTCKuXeTvo9SGaALnynEuASaEP,,,,,,,,,,,,,1,,,,,,,,,,,,,,,,,,,,
0xf92d2Ff667F905EC34396af4769ff6D04E7ec84e,,,,,,500000,1636393750,"Mon, 08 Nov 2021 17:49:10 GMT",QmVY3qSSjPNhzbX8v9zDUWcYcmJ5hoke1sKGkNCqTMJ3Si,,,,,,,150000,,1,350000,,,,,,,,,,,,,,,,,,,,,,,
0xe151E8BE121864EDDB83E7D0484b87596cAD2fA5,,,,,,17286.156448113117,1636394102,"Mon, 08 Nov 2021 17:55:02 GMT",0x23133261ff5c2d1e6afb79c50958fa153f2c8d22cb61a6826977090d28ac9f27,,,,,,,1,,,,,,,,,,,,,,,,,,,,,,,,,,
0x26E4674c09CBbf0b367aae65d8d08b112E307A53,,,180000,,,490000,1636395539,"Mon, 08 Nov 2021 18:18:59 GMT",QmYuvcj4c7CyrN9WYobY7x2AardEZEtQbm7GTQ61bvwHFE,,,,,,,,,1,,40000,,,180000,,,,,,,,,,,,,,,,,,,
0x15558eb2aEb93ed561515a47441BF49250933BA9,1,1,1,1,1,500000,1636396191,"Mon, 08 Nov 2021 18:29:51 GMT",QmPD1Gyrwc7y6MQdc7UNNQQwUoGVKYT5mvsdBHz7ZpuJzN,1,1,1,1,1,1,1,1,1,1,1,1,1,1,,1,,,,,,,,,,,,,,,,,
0x15b5359fd05A37ba6546AaCabe92D9354aD18D07,,,,,1,17302.694240790457,1636402524,"Mon, 08 Nov 2021 20:15:24 GMT",0xcfcfc88236ff3b4887ca4aaa6f058b92668ca0761d2e8722df04c907714a411e,,,,,,,,,,,,,,,,,,,,,,,,,,,,,,,,,
0xFc1a540517fB09d967B5fb22c63F975B1e729D4C,,,,,1,7057.4496612847415,1636402543,"Mon, 08 Nov 2021 20:15:43 GMT",0xb500fdc64f7c72b46a721410cb862c8ad0f244d2d9d9863a0bb93225e9c8f490,,,,,,,,,,,,,,,,,,,,,,,,,,,,,,,,,
0xcA3b7E1312Ad020C058eF4942e3f33fFe6fD7b5c,,,,,1,13764.185743921396,1636402558,"Mon, 08 Nov 2021 20:15:58 GMT",0xd4b3775c8b6230fd291068433d2128ea6b5095c862f5333bcd56ca94f329a5f6,,,,,,,,,,,,,,,,,,,,,,,,,,,,,,,,,
0xF40b005FFE2Db0197b8c301e1C966C2cb3B59A08,,,,,1,500,1636402579,"Mon, 08 Nov 2021 20:16:19 GMT",0xf3e61cd85583f282a89e20064a9c1d64ba14c84329972b5f62f848d3903ef5b0,,,,,,,,,,,,,,,,,,,,,,,,,,,,,,,,,
0xD0a2813A5d4fB68e2192d04fF9e1c6A72A9285e8,,,,,1,1873.0676,1636402625,"Mon, 08 Nov 2021 20:17:05 GMT",0x12cdb9b8b618d503b1999f9168beefe5c46637f3b57f16fac036070fb269f62a,,,,,,,,,,,,,,,,,,,,,,,,,,,,,,,,,
0xF9ac73f30dBe52c10e3d5950db66357f9d0be44D,,,,,1,8720,1636402645,"Mon, 08 Nov 2021 20:17:25 GMT",0x2f625e2f291f4ab03886bcdce610819eb1f4a5658f724cea77402798ba5ae243,,,,,,,,,,,,,,,,,,,,,,,,,,,,,,,,,
0x2F94d8479DE67B01514856Df271E52Ed1f6446E6,,,,,,1331,1636406504,"Mon, 08 Nov 2021 21:21:44 GMT",QmdgQ1o6nkofSs3u3xbECDo1WRzXPu8vs9MGpdvTi5B62b,,,,100,,,,,,,,,,,,,,,,,,,,,,,,,,,,,
0x5bA017cC1093292238CD4C7B204AA33082463544,,,,,,1550.603263821675,1636406730,"Mon, 08 Nov 2021 21:25:30 GMT",0x03421127d33ff2e10f867ae216400205207e380ba5703d4930be66576267555c,,,,1,,,,,,,,,,,,,,,,,,,,,,,,,,,,,
0x12BD31628075C20919BA838b89F414241b8c4869,,,,,1,359131.4869344381,1636406930,"Mon, 08 Nov 2021 21:28:50 GMT",0x083b30d0336105936b9d9af7caf7da27050821914f11c9cf39088f1b87b4e5b9,,1,1,1,,,,1,,,,,,,,,,,,,,,,,,,,,,,,,
0xe6E3459bA0d70699F54464cc4b5d273810E7EC7B,,,,,,500,1636407282,"Mon, 08 Nov 2021 21:34:42 GMT",0xb79e3921b03b3a9b6c261e30c2d4145350f40b726dd9bd00dc6a7f2ba7352a5b,,,,1,,,,,,,,,,,,,,,,,,,,,,,,,,,,,
0xc76357B8A519E617e3FD76494c9E8538930d6078,,,,,1,18051.033639064844,1636407516,"Mon, 08 Nov 2021 21:38:36 GMT",0x204e0202875856d2c9225cdfee4fcd2dc7520bd48faaa245b0fe8cbf2a129b15,,1,,,,,,,,,,,,,,,,,,,,,,,,,,,,,,,
0xbD1eF9F9c500aa2828b918a769B03F18C3d5545f,,,,,,32681.74170840433,1636408003,"Mon, 08 Nov 2021 21:46:43 GMT",0xaf74232e415695e6d260a2725996ed72c020ec0ed109865d6de3e2e8d50b02e8,1,,,1,,,,,,,,,,,,,,,,,,,,,,,,,,,,,
0xFefE74202C45c34045Ac4A3270A2Ce84629109B0,,,,,,90000,1636409567,"Mon, 08 Nov 2021 22:12:47 GMT",0xa9983b0e4342b1a11e53d05d284749235f52e0bd418bece7d1c7cad94d30657f,,,,,,,,,,,,,,,,,,,,80000,,,,,,,,,,,,,
0x1578407965a00d5A8C7aeE46b7DF6f9a1bEdC311,,,,,,133297.48656331477,1636409572,"Mon, 08 Nov 2021 22:12:52 GMT",QmU2TVt9Es3xnpodVHdvGpbDJH8XqccsTH9r7gAaEat4w6,,,,,,,,,,,,,,,,,,,,,,,,,,,,,,,,,133000
0x36f741F4808a329C9E876F551Bcf337B7dDc54Ff,1,1,2,23,2,14304,1636409691,"Mon, 08 Nov 2021 22:14:51 GMT",0x2c3276e5d1b4e2a09a5ca869a4d55dbbffca869eb7dfaca399e8dbb446dcad4f,,1,3,1,1,1,1,1,,1,1,,,,,,,,,,,,,,,,,,,,,,
0x81e80B838e04644a93e4F3C701038889d3a1b95e,1,1,2,23,2,20727,1636409719,"Mon, 08 Nov 2021 22:15:19 GMT",0x737c9d805a3041e2e0aa168394331f8280b415c51cff118a3b2c4d09101c68f3,,1,3,1,1,1,1,1,,1,1,,,,,,,,,,,,,,,,,,,,,,
0xA37De111022BE90A5ba966906c6C610f787bA3d6,,,,,,125708.50572590857,1636409737,"Mon, 08 Nov 2021 22:15:37 GMT",0x8af4e477b29afa937342cc923c09c09ed58649839fb0cb6af4f17f8e11efc3a2,2,3,2,7,,1,,,,,,,,,,,,,,,,,,,,,,,,,,,
0xE0dc24A3d7478eB840dC63baa20fcB06cdB123BE,,,,,,303711.64040410693,1636409801,"Mon, 08 Nov 2021 22:16:41 GMT",QmW5EX1s1QvearXkR3nSv2DetZaVPCq7THApSM2xgkHyTD,,,,,,,,,,,,,,,,,,,,,,,,,,248000,,,,,,1,55000
0x1EC1CcEF3e1735bdA3F4BA698e8a524AA7c93274,,1,1,1,2,8200,1636409833,"Mon, 08 Nov 2021 22:17:13 GMT",0xc7fbbdd88fba1d6b4b451a76602d9ba67a6c2c40b0771a08ef3be489da6ec27d,,1,2,2,1,2,,1,1,1,,,,,,,,,,,,,,,,,,,,,,,
0x9012eEE622e771057863998Ca26c8F45b3BDDb1a,,,,,,3205.61066747,1636410461,"Mon, 08 Nov 2021 22:27:41 GMT",0x2acc2c9b36e2694c3e7d9404644152f0b60f1ddbc3c23befebb66c6a36783750,,,,,,,,,,,,,,,,3205,,,,,,,,,,,,,,,,,
0x7032C3E45d14FbdC93Df98b6e871b3FE4Dae7827,,,,,,100000,1636412394,"Mon, 08 Nov 2021 22:59:54 GMT",0xea55120d2bb0b66dd0024fa4e03e2fbafa6cbc799d3ac406eebbd55d6086fd88,,,,,,,,,,,,,,,,,,,,,,,,,,,,,,,1,,
0xd36021060157B1Ba387630C91bE45A087CF9AC58,,,,,,100000,1636412520,"Mon, 08 Nov 2021 23:02:00 GMT",0x492d3dcdb071e8260e113063f054e8f842ce1f36589b2a887b80fd1dcd788589,,,,,,,,,,,,,,,,,,,,,,,,,1,,,,,,,,
0xa377b5AF83fF07387d8f5c9ffAc55C9c2d507755,,,,,,50000,1636412608,"Mon, 08 Nov 2021 23:03:28 GMT",0x090bbb138cc11156a45c8e0291766b4a6d10181fbdc510bd1fd0faed052b1e19,,,,,,,,,,,,,,,,,,,,,,,,,,,,,,,1,,
0xFc2400FBF265f1fFbE319C7949f58a9a3D388B96,,,,,,50000,1636412672,"Mon, 08 Nov 2021 23:04:32 GMT",0x41ac16317caaeb461f26e286ef3c18dbb514d04a71b7bf10a76b1740d043505d,,,,,,,,,,,,,,,,,,,,,,,,,,1,,,,,,,
0x096b4d5776D44CAE05880e0703C9958b08B11F39,,,,,,50000,1636412876,"Mon, 08 Nov 2021 23:07:56 GMT",0xaf31eabdfed039f9ec6e44aad08f2510841c6676553899c1aa44a0f0f1d578d7,,,,,,,,,,,,,,,,,,,,,,,,,,,,,,,,,1
0xA95cCef9561842495E7538d0dD97cE1ABF0a5242,,,,,,50000,1636412978,"Mon, 08 Nov 2021 23:09:38 GMT",0x247fc1e9c90289346db30307979c22a3abeecdd14b264da2396f9f63c2557737,,,,,,,,,,,,,,,,,,,,,,,,,,,,,,,1,,
0x6b0e3F389e97eE7d1Ac658699f8Da8CdEF8dC160,,,,,,1500,1636413195,"Mon, 08 Nov 2021 23:13:15 GMT",0x03988982c7105c9667f8b486985ba429211d1039ec2834153e804714830c8a5c,1,,,,,,,,,,,,,,,,,,,,,,,,,,,,,,,,
0x2C66B887c6d732cC0292Bd17503cDf6190c97FA0,,,,,,14019.844339480584,1636413250,"Mon, 08 Nov 2021 23:14:10 GMT",0xe2d0e8d71a0125b4967c25fa90103f836c8cf9024c0062f87e9b35b45d262821,,,,1,,,,,,,,,,,,,,,,,,,,,,,,,,,,,
0xe58A959443dFeb71fb175746bc095dB0f4bd7F34,,,,,,7184.620659653123,1636413315,"Mon, 08 Nov 2021 23:15:15 GMT",0x4adfbed4d6d7f2b0455bc543a76e315c22bc044d30c65290c9b2acdf402cb241,,,,1,,,,,,,,,,,,,,,,,,,,,,,,,,,,,
0x1Daf0b27e0F54a235abb5D52D276033394Eb8F49,,,,,,567.7966754449892,1636413393,"Mon, 08 Nov 2021 23:16:33 GMT",0xe92fe97a3c0fca8acf2b224bed83877395d2f89cf7de7cd2f963b69ff8a55a90,,,,1,,,,,,,,,,,,,,,,,,,1,,,,,,,,,,
0xf3a7ACf685c737B632Ffe4265BB9094C25cF8Ac4,,,,,,536.3817845473446,1636413433,"Mon, 08 Nov 2021 23:17:13 GMT",0xd66ea08afec555fb2a738804af21ce84ac8a75983670c5efb911a72a302a2cae,,,,1,,,,,,,,,,,,,,,,,,,,,,,,,,,,,
0x2da922CBeB06c377741a51dDc85c735429Bc2965,,,,,,16478.453795111833,1636413869,"Mon, 08 Nov 2021 23:24:29 GMT",0xa288cc1fc0eb85891ced79e18f976a7af8d2dc4d29db942f37484284aac13bb0,1,1,1,1,1,,,,,,,,,,,,,,,,,,,,,,,,,,,,
0xb821A211957E317aF957b28e7292b27a8f9A3b73,,,,,,6029.718686353844,1636414684,"Mon, 08 Nov 2021 23:38:04 GMT",0x9cfc65dde60af0f87589f765afeee29b85694fca11248d2ed52dd69163d0253c,,,,,,,,,,,,,,,,1,,,,,,,,,,,,,,,,,
0xe16aeE13e6a7bA2d2f5Bf338F8b063C33Ff8ff87,,,,,,6045.916,1636414806,"Mon, 08 Nov 2021 23:40:06 GMT",0x02afd9b18ad34611169d8a2c737317efa4f3fdf5cb4759a15defc5b64fdaf308,,,,,,,,,,,,,,,,1,,,,,,,,,,,,,,,,,
0x5066Fbe092caee0d19Ddd0B3302eA4e925726F80,100,,,,,76740.15695739619,1636415753,"Mon, 08 Nov 2021 23:55:53 GMT",0x7aa55e9cabd3a98f5cc944411305d63f04b9cfdc992cd1f0df0624d6cef7cb78,,,,,,,,,,,,,,,,,,,,,,,,,,,,,,,,,
0xCe7BE31f48205C48A91A84E777a66252Bba87F0b,6,,,11,,177594.276256744,1636415781,"Mon, 08 Nov 2021 23:56:21 GMT",0x35669529a4fd11726ff7cd33d320514b49b10c17fc221602836042963346d6d0,,,,,,,,,,,,,,,,,,,,,,,,,,,,,,,,,